PRI_NEIGH,SEC_NEIGH
Grand Boulevard,BRONZEVILLE
Printers Row,PRINTERS ROW
United Center,UNITED CENTER
Sheffield & DePaul,SHEFFIELD & DEPAUL
Humboldt Park,HUMBOLDT PARK
Garfield Park,GARFIELD PARK
North Lawndale,NORTH LAWNDALE
Little Village,LITTLE VILLAGE
Armour Square,"ARMOUR SQUARE,CHINATOWN"
Avalon Park,"AVALON PARK,CALUMET HEIGHTS"
Burnside,"CHATHAM,BURNSIDE"
Calumet Heights,"AVALON PARK,CALUMET HEIGHTS"
Pullman,PULLMAN
Riverdale,RIVERDALE
Hegewisch,SOUTHEAST SIDE
Douglas,BRONZEVILLE
Oakland,"OAKLAND,KENWOOD"
Fuller Park,BACK OF THE YARDS
Woodlawn,WOODLAWN
Portage Park,PORTAGE PARK
Hermosa,"BELMONT CRAIGIN,HERMOSA"
Avondale,"IRVING PARK,AVONDALE"
Logan Square,LOGAN SQUARE
"Little Italy, UIC","LITTLE ITALY, UIC"
Kenwood,"KENWOOD,OAKLAND"
Rogers Park,ROGERS PARK
Jefferson Park,JEFFERSON PARK
"Sauganash,Forest Glen","SAUGANASH,FOREST GLEN"
North Park,"NORTH PARK,ALBANY PARK"
Albany Park,"NORTH PARK,ALBANY PARK"
Irving Park,"IRVING PARK,AVONDALE"
Dunning,DUNNING
West Ridge,WEST RIDGE
Uptown,UPTOWN
Norwood Park,NORWOOD PARK
Streeterville,STREETERVILLE
South Shore,"SOUTH SHORE, GRAND CROSSING"
Chatham,"CHATHAM,BURNSIDE"
South Chicago,SOUTH CHICAGO
Roseland,"WASHINGTON HEIGHTS,ROSELAND"
North Center,NORTH CENTER
South Deering,SOUTHEAST SIDE
East Side,SOUTHEAST SIDE
West Pullman,WEST PULLMAN
Garfield Ridge,MIDWAY AIRPORT
New City,BACK OF THE YARDS
Englewood,ENGLEWOOD
Grand Crossing,"SOUTH SHORE, GRAND CROSSING"
Ashburn,ASHBURN
Mount Greenwood,"MOUNT GREENWOOD,MORGAN PARK"
Morgan Park,"MOUNT GREENWOOD,MORGAN PARK"
O'Hare,OHARE
Jackson Park,JACKSON PARK
Loop,LOOP
Greektown,GREEKTOWN
Museum Campus,MUSEUM CAMPUS
Edgewater,EDGEWATER
Lake View,LAKE VIEW
Lincoln Park,LINCOLN PARK
Magnificent Mile,STREETERVILLE
Lincoln Square,LINCOLN SQUARE
Washington Park,WASHINGTON PARK
Millenium Park,MILLENIUM PARK
Near South Side,NEAR SOUTH SIDE
Chicago Lawn,"MARQUETTE PARK,GAGE PARK"
Auburn Gresham,AUBURN GRESHAM
Beverly,BEVERLY
Washington Heights,"WASHINGTON HEIGHTS,ROSELAND"
Edison Park,EDISON PARK
Hyde Park,HYDE PARK
Grant Park,GRANT PARK
West Loop,WEST LOOP
Bucktown,BUCKTOWN
Lower West Side,LOWER WEST SIDE
Wrigleyville,WRIGLEYVILLE
Andersonville,ANDERSONVILLE
Rush & Division,RUSH & DIVISION
Archer Heights,"ARCHER HEIGHTS,WEST ELSDON"
Brighton Park,"BRIGHTON PARK,MCKINLEY PARK"
Mckinley Park,"BRIGHTON PARK,MCKINLEY PARK"
Bridgeport,BRIDGEPORT
West Elsdon,"ARCHER HEIGHTS,WEST ELSDON"
Gage Park,"MARQUETTE PARK,GAGE PARK"
Clearing,MIDWAY AIRPORT
West Lawn,WEST LAWN
Chinatown,"ARMOUR SQUARE,CHINATOWN"
East Village,UKRAINIAN VILLAGE AND EAST VILLAGE
West Town,"WICKER PARK,WEST TOWN"
Wicker Park,"WICKER PARK,WEST TOWN"
Galewood,"MONTCLARE, GALEWOOD"
Montclare,"MONTCLARE, GALEWOOD"
Belmont Cragin,"BELMONT CRAGIN,HERMOSA"
Austin,AUSTIN
Ukrainian Village,UKRAINIAN VILLAGE AND EAST VILLAGE
Old Town,OLD TOWN
Gold Coast,GOLD COAST
Boystown,BOYSTOWN
River North,RIVER NORTH
